Ticket ID,Vendor,Invoice,Labor Cost,Parts Cost,Total Cost,Completion Date
Office Accessories,Tazz,22.99,2.99,9.99,12.98,2/7/2026
Power Accessories,Agimba,24.99,3.49,34.99,38.48,3/5/2024
Garden Supplies,Jayo,34.99,25.99,1.99,27.98,1/22/2025
Frozen Chicken Wings,Yotz,8.99,149.99,19.99,169.98,3/17/2025
Cookies,Oyoba,4.29,249.99,299.99,549.98,3/7/2024
Tablets for Kids,Zoomlounge,129.99,25.99,3.99,29.98,11/17/2026
Air Quality & Purification,Voonder,129.99,39.99,3.99,43.98,1/11/2025
Dips & Spreads,Jaxspan,3.29,3.49,2.99,6.48,8/29/2025
Phone Accessories,Lajo,39.99,22.99,5.49,28.48,3/9/2026
Activewear,Yabox,39.99,12.99,79.99,92.98,9/1/2025
Tripods & Accessories,Ozu,29.99,3.49,2.5,5.99,7/27/2025
Sauces,Voomm,3.29,8.99,79.99,88.98,11/14/2026
Massage Therapy,Oyoyo,79.99,3.99,28.99,32.98,7/17/2024
Frozen Pizza Crusts,Vipe,5.99,2.29,9.99,12.28,8/30/2026
Pancakes & Waffles,Quinu,4.49,4.99,2.29,7.28,2/14/2024
Camping Equipment,Youopia,34.99,4.99,3.99,8.98,10/1/2024
Smart Lighting,Devbug,24.99,3.99,34.99,38.98,6/4/2024
Healthy Snacks,Meejo,4.59,7.19,29.99,37.18,2/24/2024
Seasoning Blends,Twitterwire,1.99,10.99,34.99,45.98,11/11/2024
Seasonal Home Decor,Rhybox,34.99,1.29,16.99,18.28,12/22/2026
Dressing,Innotype,3.79,10.99,4.99,15.98,3/13/2026
Wellness & Relaxation,Skyba,8.99,2.99,29.99,32.98,12/13/2024
Pain Relief & Therapy,Jabbersphere,20.99,4.99,8.49,13.48,5/11/2026
Food Storage Solutions,Babbleset,14.99,29.99,24.99,54.98,6/9/2025
Fruit Sauces,Dynava,3.99,34.99,2.69,37.68,12/13/2025
Musical Toys,Tagopia,39.99,79.99,59.99,139.98,9/3/2026
Phone Accessories,Avamm,14.99,10.99,3.99,14.98,9/24/2024
Frozen Meals,Youtags,8.99,12.99,3.39,16.38,3/23/2026
Garlic-Based Sauces,Gabspot,4.29,3.99,2.99,6.98,7/20/2026
Mexican Cuisine Meal Kits,Brainsphere,8.49,109.99,32.99,142.98,7/9/2025
Soups & Broths,Flipopia,3.49,14.99,34.99,49.98,6/4/2024
Frozen Vegan Meals,Meembee,7.49,11.99,24.99,36.98,8/11/2025
Frozen Desserts,Geba,4.99,6.99,14.99,21.98,1/19/2024
Savory Snacks,Realbridge,3.59,29.99,29.99,59.98,10/13/2025
Healthy Snacks,Edgeify,3.49,39.99,8.99,48.98,11/7/2024
Training Supplies,Tagtune,24.99,14.99,19.99,34.98,6/15/2024
Pasta Alternatives,Innojam,3.99,299.99,1.99,301.98,6/27/2024
Cooking Tools & Utensils,Edgetag,24.99,54.99,49.99,104.98,10/27/2026
Herb Blends,Latz,2.99,19.99,4.29,24.28,12/17/2026
Garden Supplies,Vidoo,34.99,249.99,29.99,279.98,2/2/2025
Cycling Accessories,Tagfeed,29.99,9.99,2.49,12.48,10/6/2025
Granola/Cereal,Vidoo,4.99,1.99,12.99,14.98,10/5/2024
Jumpsuits,Layo,89.99,3.99,5.29,9.28,6/30/2024
Home Fragrance & Accessories,Pixoboo,19.99,59.99,2.49,62.48,1/31/2024
Travel Accessories,Yabox,12.99,34.99,39.99,74.98,6/26/2025
Healthy Snacks,Zoonoodle,5.29,44.99,34.99,79.98,3/7/2026
Kitchen Accessories,Innotype,34.99,2.49,4.29,6.78,4/1/2024
Cat Furniture,Kanoodle,99.99,39.99,29.99,69.98,12/1/2026
Baking Ingredients,Eimbee,4.49,12.99,8.99,21.98,6/1/2024
Food Storage Solutions,Skimia,34.99,19.99,24.99,44.98,4/7/2026
Injury Prevention & Recovery,Centimia,19.99,5.49,10.99,16.48,11/15/2025
Granola/Cereal,Lajo,4.99,49.99,4.99,54.98,2/12/2025
Dog Toys,Rhyloo,15.99,4.99,69.99,74.98,2/18/2025
Nut Butters,Gabtype,3.79,4.99,2.59,7.58,8/26/2026
Baking Accessories,Einti,12.99,39.99,19.99,59.98,1/18/2025
Natural Beverages,Tagpad,2.49,89.99,39.99,129.98,7/2/2026
Vegetables,Shufflester,3.99,4.99,8.99,13.98,11/5/2025
Activewear,Voolia,29.99,15.99,2.99,18.98,1/26/2026
Cooking Tools & Utensils,Browsebug,11.99,8.99,3.49,12.48,3/7/2025
Specialty Salts,Linktype,1.99,89.99,4.99,94.98,12/2/2025
Dressings,Tagtune,2.69,14.99,19.99,34.98,1/2/2025
Pasta,Midel,2.49,1.99,29.99,31.98,2/17/2025
Frozen Meals,Tazzy,2.29,4.49,4.99,9.48,9/20/2026
Smoothies,Thoughtworks,5.99,49.99,3.99,53.98,4/12/2026
Frozen Meals,Voonix,4.99,29.99,5.49,35.48,12/19/2024
Frozen Snacks,Yodoo,6.49,24.99,12.99,37.98,9/18/2024
Mobile Accessories,Blogspan,14.99,3.49,2.29,5.78,9/23/2024
Sparkling Beverages,Gigabox,1.5,49.99,49.99,99.98,1/5/2025
Camping Equipment,Viva,109.99,39.99,14.99,54.98,1/11/2025
Baking Ingredients,Trilia,1.49,3.99,4.99,8.98,9/9/2025
Cat Furniture,Gigaclub,99.99,24.99,1.29,26.28,10/21/2026
Cat Care,Centidel,199.99,25.99,3.49,29.48,6/8/2025
Outdoor Accessories,Photojam,69.99,3.59,14.99,18.58,5/1/2026
Lighting & Lamps,Thoughtmix,34.99,14.99,5.29,20.28,4/16/2025
Fruit Dips,Jaxspan,3.29,15.99,3.29,19.28,12/4/2024
Outdoor Accessories,Blognation,69.99,2.29,5.99,8.28,9/3/2026
Solar Power Accessories,Eare,29.99,8.99,24.99,33.98,9/8/2024
Seafood,Avamm,2.29,2.99,59.99,62.98,2/27/2025
Coffee Creamers,Feedfish,3.79,49.99,1.99,51.98,1/9/2026
Sculpting Supplies,Oyoloo,25.99,4.99,4.79,9.78,10/18/2026
Dressing,Gigaclub,4.29,27.99,3.99,31.98,12/10/2024
Canned Fruits,Mycat,3.49,39.99,2.99,42.98,5/4/2025
Convenience Meal Kits,Dynava,2.59,29.99,14.99,44.98,7/9/2026
Frozen Meals,Yotz,6.99,1.99,3.49,5.48,7/28/2026
Pancakes & Waffles,Skyndu,3.99,8.99,2.99,11.98,9/11/2024
Headwear,Skiptube,19.99,159.99,6.49,166.48,9/28/2024
Mixes,Twitterworks,4.89,39.99,199.99,239.98,9/24/2026
Eco-Friendly Toys,Twinder,29.99,3.99,5.99,9.98,3/28/2024
Salsa/Dips,Youopia,2.29,8.99,4.29,13.28,8/27/2024
Juice,Jabbercube,3.69,29.99,3.49,33.48,6/7/2025
Pies and Tarts,Browsebug,5.49,3.99,39.99,43.98,3/17/2024
Grain Salads,Aivee,5.49,64.99,39.99,104.98,8/22/2026
Frozen Vegetarian Meals,Rhyzio,5.49,3.29,29.99,33.28,7/17/2025
Outdoor Accessories,Skynoodle,29.99,359.99,1.89,361.88,9/2/2024
Coffee Creamers,Mycat,3.79,5.99,3.49,9.48,9/19/2024
Sparkling Beverages,Myworks,1.99,22.99,24.99,47.98,10/5/2025
Home Organization,Trilia,17.99,24.99,12.99,37.98,10/15/2024
Olive Products,Oba,6.49,89.99,59.99,149.98,6/20/2025
Healthy Snacks,Meembee,4.29,49.99,29.99,79.98,7/7/2024
Salt & Seasoning,Kwimbee,4.99,149.99,5.49,155.48,1/21/2024
Whole Grains,Zazio,4.29,54.99,1.79,56.78,9/16/2025
Cooling Appliances,Blogspan,299.99,24.99,79.99,104.98,9/19/2025
Processed Meats,Twimbo,5.49,5.49,39.99,45.48,6/27/2026
Canned Fruits,Flipopia,2.49,39.99,79.99,119.98,11/26/2024
Team Sports,Quinu,29.99,9.99,39.99,49.98,12/8/2024
Coffee Equipment,Jaxbean,22.99,29.99,4.79,34.78,4/30/2025
Wraps/Rolls,Demizz,4.29,4.99,29.99,34.98,3/3/2024
Smart Speakers,Cogilith,99.99,3.99,1.29,5.28,1/18/2026
Painting Supplies,Realcube,19.99,34.99,4.29,39.28,10/31/2025
Candy,Ainyx,2.29,19.99,6.29,26.28,8/28/2024
Kitchen Accessories,Tagcat,34.99,5.99,59.99,65.98,9/5/2024
Outdoor Accessories,Rhynyx,24.99,9.99,4.29,14.28,10/31/2026
Blenders & Juicers,Thoughtstorm,34.99,8.99,24.99,33.98,5/15/2025
Garden Decor,Blogtag,14.99,19.99,39.99,59.98,7/2/2026
Processed Meats,Youspan,5.99,79.99,1.99,81.98,9/23/2024
Frozen Fruits,Roodel,4.99,2.49,14.99,17.48,4/19/2025
Tea,Zoonoodle,15.99,199,44.99,243.99,9/28/2025
Wine Accessories,Browsetype,24.99,34.99,69.99,104.98,6/20/2025
Artisan Bread,Realfire,3.99,29.99,7.99,37.98,1/27/2024
Nut Butters,Riffpedia,5.49,19.99,29.99,49.98,3/24/2026
Dried Spices,Vitz,1.79,3.99,4.99,8.98,7/21/2025
Beverage Appliances,Tanoodle,19.99,29.99,54.99,84.98,11/1/2026
Frozen Appetizers,Meedoo,7.49,2.49,14.99,17.48,5/16/2025
Soups & Broths,Buzzster,3.49,3.49,1.99,5.48,11/3/2026
Cooking Tools & Utensils,Brainbox,34.99,9.49,24.99,34.48,3/18/2025
Healthy Snacks,Tagfeed,3.99,4.29,59.99,64.28,11/23/2024
DIY Crafts,Photojam,22.99,39.99,79.99,119.98,6/6/2026
Asian Sauces,Pixope,2.79,14.99,5.99,20.98,1/1/2026
Guacamole,Centidel,2.49,5.49,39.99,45.48,2/11/2024
Healthy Snacks,Topicshots,3.99,10.99,1.5,12.49,3/18/2025
Outerwear,Feedmix,64.99,14.99,39.99,54.98,10/6/2025
Healthy Snacks,Realpoint,3.99,3.29,5.99,9.28,2/15/2025
Tank Tops,Voomm,14.99,3.79,89.99,93.78,7/15/2024
Hydration Gear,Realmix,49.99,22.99,89.99,112.98,1/16/2024
Gluten-Free Baked Goods,Babbleopia,6.49,3.49,2.29,5.78,11/14/2025
Breads,Centizu,3.79,29.99,179.99,209.98,1/17/2024
Nuts and Seeds,Abata,6.49,6.49,19.99,26.48,4/6/2024
Decorative Wall Art & Accessories,Blogspan,39.99,19.99,25.99,45.98,10/13/2024
Frozen Snacks,Thoughtblab,5.99,2.49,5.49,7.98,2/22/2025
Wallets,Zava,49.99,9.99,5.99,15.98,3/1/2024
Headwear,Aimbo,24.99,8.99,1.99,10.98,4/1/2025
Loungewear,Lazz,49.99,12.99,3.79,16.78,12/13/2025
Vegetables,Tanoodle,3.79,6.99,1.99,8.98,3/30/2026
Frozen Vegetables,Aimbu,1.89,29.99,3.99,33.98,8/19/2024
Seafood Imitations,Skyvu,4.19,5.99,22.99,28.98,11/4/2024
Herbal Tea,Meemm,3.29,129.99,1.29,131.28,11/7/2025
Savory Snacks,Photolist,2.49,8.99,1.99,10.98,7/23/2024
Seasoned Grains,Edgeify,2.49,34.99,14.99,49.98,8/3/2024
Canned Legumes,Voolith,1.29,4.99,24.99,29.98,5/1/2026
Oral Care & Hygiene,Realfire,5.99,3.29,5.49,8.78,4/24/2025
Pet Accessories,Realbridge,89.99,39.99,3.49,43.48,8/7/2024
Rice,Trilia,5.79,19.99,24.99,44.98,3/7/2024
Processed Meats,Yadel,5.49,24.99,5.99,30.98,12/24/2026
Makeup,Feedfire,99.99,12.99,6.49,19.48,9/4/2026
Canned Legumes,Rhynoodle,1.29,3.99,19.99,23.98,7/24/2025
Personal Care & Grooming,Edgetag,19.99,3.59,15.99,19.58,9/15/2024
Coffee Accessories,Yata,24.99,2.49,39.99,42.48,5/2/2025
Formal Pants,Camido,54.99,5.99,3.49,9.48,1/10/2025
Grains,Gabcube,2.99,4.49,2.99,7.48,1/26/2026
Convenience Meal Kits,Wikizz,2.59,7.49,22.99,30.48,8/8/2024
Gaming Accessories,Linkbuzz,39.99,139.99,19.99,159.98,2/28/2025
Nuts and Seeds,Topicshots,4.99,22.99,9.99,32.98,1/26/2026
Casual Dresses,Aivee,59.99,89.99,2.99,92.98,10/2/2025
Processed Meats,Realpoint,8.49,2.99,59.99,62.98,12/16/2024
Coconut Products,Devshare,2.49,59.99,89.99,149.98,2/16/2025
Gardening Tools,Skiba,22.99,2.29,3.49,5.78,12/1/2024
Frozen Fruits,Myworks,5.99,12.99,5.49,18.48,7/8/2025
Wine Accessories,Skipfire,24.99,3.49,1.89,5.38,3/30/2025
Frozen Asian Meals,Yakitri,5.49,14.99,29.99,44.98,11/15/2025
Candy,Babbleopia,2.99,1.99,8.99,10.98,7/5/2026
Hydration Gear,Feedspan,12.99,2.29,109.99,112.28,5/12/2024
Cleaning Supplies,BlogXS,15.99,39.99,4.49,44.48,3/4/2024
Mobile Accessories,Zoomlounge,12.99,24.99,3.99,28.98,9/7/2026
Office Supplies,Dazzlesphere,29.99,3.29,3.49,6.78,6/12/2024
Mixes,Livepath,1.29,39.99,29.99,69.98,3/26/2026
Leafy Greens,Livetube,2.99,1.79,29.99,31.78,5/26/2024
Laptop Accessories,Snaptags,29.99,15.99,59.99,75.98,4/6/2024
Leggings,Quinu,49.99,49.99,8.99,58.98,2/15/2026
Vegetarian Salads,Thoughtbridge,4.99,59.99,12.99,72.98,1/7/2025
Healthy Snacks,Shuffletag,3.99,19.99,9.99,29.98,12/20/2024
Bags,Cogilith,24.99,3.99,5.79,9.78,12/4/2024
Herbal Tea,Snaptags,3.79,5.79,2.49,8.28,1/22/2025
Lip Care,Roomm,22.99,3.79,4.19,7.98,12/19/2026
T-Shirts,Flipstorm,19.99,4.49,24.99,29.48,7/5/2026
Regional Seasoning Blends,Katz,2.79,29.99,3.99,33.98,10/10/2024
Herbal Tea,Mydo,3.29,29.99,4.19,34.18,1/25/2024
Garden Tools,Dabvine,39.99,39.99,5.99,45.98,6/24/2026
Baking Ingredients,Yakijo,3.99,39.99,79.99,119.98,1/5/2025
Sustainable Tableware,Zooxo,22.99,6.99,24.99,31.98,11/29/2024
Breads,Rhybox,5.49,29.99,1.99,31.98,4/7/2025
Emergency Preparedness & First Aid,Talane,29.99,8.49,1.89,10.38,11/9/2026
Grilling Accessories,Topicstorm,19.99,34.99,4.99,39.98,1/25/2024
Audio & Video Accessories,Trilith,79.99,39.99,2.99,42.98,3/3/2026
Poultry,Flashspan,7.99,5.99,3.49,9.48,9/6/2024
Vegetable Dishes,Pixoboo,4.49,1.99,39.99,41.98,12/14/2026
Frozen Asian Meals,Yamia,1.99,19.99,99.99,119.98,8/12/2025
Healthy Snacks,Mita,3.49,1.99,2.49,4.48,7/3/2025
Camera Accessories,Eazzy,49.99,12.99,25.99,38.98,1/21/2025
Dried Fruits,Meevee,4.99,19.99,24.99,44.98,3/21/2025
Canned Legumes,Dynabox,1.79,19.99,49.99,69.98,3/2/2026
Portable Speakers,Skyba,59.99,2.29,3.79,6.08,12/17/2024
Muffins,Voonder,3.49,19.99,99.99,119.98,3/10/2025
Vegetables,Edgeblab,2.49,39.99,19.99,59.98,1/13/2026
Headphones,Buzzshare,59.99,1.99,4.79,6.78,8/13/2025
Herbal Tea,Wordware,4.29,1.99,2.49,4.48,7/15/2025
Natural Beverages,Twiyo,2.49,3.29,12.99,16.28,11/16/2024
Office Accessories,Browseblab,29.99,4.79,79.99,84.78,12/4/2024
Prepared Fruit,Edgetag,4.49,2.49,89.99,92.48,6/6/2026
Plant-Based Yogurt,Cogidoo,1.99,29.99,5.99,35.98,2/19/2025
Activewear,Eadel,39.99,19.99,5.79,25.78,10/24/2024
Home Appliances,Zoomzone,34.99,14.99,4.49,19.48,5/31/2024
Specialty Pasta,Yamia,4.19,79.99,49.99,129.98,12/29/2024
Gourmet Snacks,Janyx,2.99,6.99,3.49,10.48,1/31/2026
Marinades,Zoonder,3.79,1.99,99.99,101.98,8/17/2024
Pork,Thoughtbeat,10.99,5.99,24.99,30.98,11/27/2026
Camping Equipment,Topicblab,69.99,39.99,4.19,44.18,3/6/2026
Savory Snacks,Twitternation,2.89,8.99,2.49,11.48,3/14/2024
Granola/Cereal,Thoughtstorm,5.49,3.29,39.99,43.28,7/4/2024
Baking Ingredients,Photojam,4.19,2.89,4.99,7.88,9/19/2025
Camping Equipment,Flashspan,59.99,149.99,6.49,156.48,7/24/2024
Fruit Dips,Oyoyo,3.29,3.29,18.99,22.28,12/2/2026
Granola,Topdrive,2.49,109.99,3.29,113.28,9/10/2026
Ice Cream Flavors,Quinu,4.99,24.99,7.49,32.48,3/21/2026
Fitness Accessories,Dablist,12.99,34.99,2.99,37.98,9/11/2026
Outdoor Accessories,Plambee,24.99,3.99,49.99,53.98,8/8/2025
Nut-Based Snacks,Gigashots,3.29,29.99,2.49,32.48,2/16/2026
Dried Fruits,Pixonyx,3.49,4.99,4.99,9.98,2/13/2025
Cheese Spreads,Jabbertype,2.99,24.99,1.99,26.98,5/14/2026
Camping Equipment,Divanoodle,39.99,5.49,79.99,85.48,2/2/2025
Soups & Broths,Photospace,2.49,25,8.99,33.99,1/23/2026
Cheese,Twitterbeat,5.49,3.89,39.99,43.88,8/18/2026
Condiments,Dynazzy,2.59,59.99,2.99,62.98,5/8/2024
Fresh Fruits,Skaboo,6.99,99.99,159.99,259.98,10/21/2025
Specialty Salts,Kayveo,1.99,49.99,349.99,399.98,2/7/2026
Grills and Smokers,Flashdog,99.99,5.99,39.99,45.98,10/27/2026
Car Cleaning,Youspan,49.99,3.49,2.49,5.98,2/21/2024
Muffins,Jaloo,4.49,39.99,3.49,43.48,10/31/2026
Sauces,Quinu,4.79,4.29,24.99,29.28,8/12/2024
Office Supplies,Layo,29.99,2.49,3.49,5.98,7/3/2025
Frozen Fruits,Riffpath,5.99,10.99,12.99,23.98,2/18/2025
Gourmet Ice Cream,Eare,4.99,29.99,3.99,33.98,11/18/2025
Garden Decor,Mudo,22.99,2.49,6.49,8.98,9/19/2026
Sweet Snacks,Voolia,3.79,3.89,14.99,18.88,11/13/2024
Sleepwear,Skinder,49.99,39.99,99.99,139.98,11/7/2024
Storage Devices,Photobug,129.99,2.29,99.99,102.28,12/21/2026
Garden Tools,Meeveo,39.99,6.99,5.49,12.48,3/22/2025
Soups & Broths,Bluejam,2.49,4.99,4.29,9.28,11/25/2025
Canned Legumes,Quire,1.29,24.99,7.99,32.98,2/22/2025
Healthy Snacks,Buzzbean,3.49,12.99,9.49,22.48,1/8/2024
Cookware,Feedspan,39.99,64.99,14.99,79.98,1/15/2024
Specialty Soups,Kwilith,3.89,29.99,6.99,36.98,12/16/2026
Savory Snacks,Wikizz,5.99,4.99,79.99,84.98,4/15/2024
Creative Toys,Shufflebeat,58.99,69.99,34.99,104.98,10/5/2026
Charging Accessories,Tagpad,24.99,29.99,4.79,34.78,6/11/2026
Granola and Muesli,Wordtune,3.99,2.29,4.99,7.28,8/21/2025
Healthy Snacks,Ntags,2.29,2.99,49.99,52.98,12/11/2026
Jigsaw Puzzles,Voolith,27.99,12.99,399.99,412.98,8/18/2024
Oatmeal,Plajo,3.49,16.99,19.99,36.98,1/1/2024
Dog Toys,Wordify,10.99,59.99,6.49,66.48,12/1/2025
Canned Vegetables,Miboo,1.5,4.19,39.99,44.18,5/11/2024
Camping Equipment,Jayo,59.99,9.99,6.49,16.48,3/31/2026
Plant-Based Yogurt,Ailane,1.99,39.99,29.99,69.98,5/25/2025
Rain Footwear,Feedspan,69.99,7.99,59.99,67.98,3/27/2026
Flours & Meals,Tambee,3.29,39.99,7.49,47.48,12/7/2025
Guacamole,Oyonder,2.49,4.49,4.59,9.08,7/12/2025
Boots,Tekfly,89.99,34.99,39.99,74.98,3/12/2024
Italian Sauces,Snaptags,4.29,1.99,16.99,18.98,6/8/2025
Frozen Vegetables,Realblab,1.99,39.99,39.99,79.98,11/4/2025
Activewear,Teklist,24.99,2.99,149.99,152.98,4/24/2026
Coffee Equipment,Cogidoo,29.99,49.99,24.99,74.98,11/5/2024
Tech Accessories,Cogibox,9.99,18.99,3.79,22.78,4/1/2026
Educational Toys,Dynava,29.99,1.5,129.99,131.49,8/1/2026
Herbal Butters,Youfeed,3.99,15.99,39.99,55.98,8/1/2026
Healthy Breakfast Options,Nlounge,5.99,2.49,4.89,7.38,5/12/2026
Eggs,Skipstorm,3.99,9.99,22.99,32.98,10/30/2025
Fitness Equipment,Pixonyx,24.99,3.79,4.49,8.28,7/19/2025
Asian Desserts,Einti,4.5,3.99,9.99,13.98,6/17/2024
Bicycles,Thoughtblab,899.99,9.49,2.99,12.48,10/11/2026
Barbecue & Grilled Meats,Zoonoodle,12.99,4.29,4.49,8.78,7/8/2025
Lighting,Oloo,29.99,49.99,14.99,64.98,10/12/2024
Seafood Imitations,Babbleset,4.19,3.99,2.99,6.98,6/27/2025
Home Automation,Quire,149.99,3.79,8.99,12.78,12/5/2026
Cameras & Photography,Vinder,299.99,4.99,89.99,94.98,4/13/2025
Breads,Wordtune,2.99,19.99,3.19,23.18,2/22/2025
Grooming Supplies,Plajo,10.99,4.49,9.99,14.48,6/4/2025
Granola & Muesli,Trilith,4.49,16.99,19.99,36.98,12/20/2026
Grooming Supplies,Pixope,12.99,39.99,99.99,139.98,9/27/2026
Cycling Accessories,Eire,19.99,4.29,49.99,54.28,12/6/2024
Poultry,Bubblebox,6.99,5.49,2.79,8.28,11/6/2025
Pet Waste Management,Kanoodle,6.99,10.99,19.99,30.98,11/15/2024
Grooming Supplies,Edgeify,12.99,2.99,5.99,8.98,3/29/2024
Hydration Gear,Blogpad,22.99,2.79,3.99,6.78,7/14/2026
Granola,Yakijo,2.49,24.99,2.49,27.48,11/2/2026
Oral Care & Hygiene,Jayo,49.99,49.99,3.29,53.28,2/24/2026
Emergency Preparedness & First Aid,Devbug,39.99,19.99,199.99,219.98,3/10/2026
Dairy Alternatives,Edgeify,4.49,4.5,2.99,7.49,8/8/2026
Muffins,Rhyloo,4.49,4.99,3.29,8.28,7/22/2024
Whole Grains,Quimba,4.29,1.89,49.99,51.88,11/20/2024
Dresses,Feedmix,79.99,6.99,139.99,146.98,10/23/2026
Frozen Smoothies,Abata,6.49,4.59,3.49,8.08,1/2/2024
Breads,Youopia,2.49,35.99,22.99,58.98,10/3/2024
Cookware,Snaptags,49.99,2.49,3.29,5.78,10/30/2024
Sauces & Condiments,InnoZ,1.29,24.99,39.99,64.98,1/14/2025
Garden Tools,Riffpath,34.99,4.49,2.99,7.48,5/25/2024
Grilling Accessories,Edgeclub,24.99,2.49,22.99,25.48,7/21/2025
Food Preparation Tools,Jatri,39.99,39.99,39.99,79.98,5/31/2024
Baking Ingredients,Topicblab,3.29,25.99,109.99,135.98,8/19/2026
Kitchen Accessories,Zoomzone,15.99,19.99,19.99,39.98,7/27/2025
Pre-Packaged Produce Kits,Brightbean,6.99,9.99,2.49,12.48,4/23/2024
Activewear Jackets,Yodoo,44.99,39.99,1.79,41.78,12/13/2026
Accessories,Meedoo,19.99,7.49,2.59,10.08,2/6/2024
Healthy Snacks,Oozz,2.29,49.99,6.49,56.48,10/26/2025
Cheese,Mydeo,5.49,4.79,19.99,24.78,2/14/2024
Strength Training Equipment,Kimia,249.99,1.49,14.99,16.48,4/29/2024
Bottoms,Vimbo,35.99,6.49,2.99,9.48,10/17/2024
Strength Training Equipment,Kayveo,22.99,19.99,3.99,23.98,1/29/2026
Garden Tools,Tambee,24.99,49.95,24.99,74.94,8/24/2026
Asian Sauces,Devpoint,2.99,3.99,5.99,9.98,11/24/2026
Soups & Broths,Voomm,1.99,14.99,5.49,20.48,1/27/2026
Dressing,Yata,3.99,4.99,5.49,10.48,10/16/2024
Marinades and Sauces,Eamia,3.99,2.99,4.99,7.98,9/13/2026
Bottoms,Blogtags,29.99,4.49,9.99,14.48,9/21/2026
Evening Wear,Quatz,79.99,19.99,1.99,21.98,1/16/2024
Smart Plugs & Outlets,Wikizz,19.99,24.99,24.99,49.98,2/13/2025
Seeds & Nuts,Livepath,7.99,49.99,6.99,56.98,8/3/2025
Pet Technology,Kazio,149.99,5.99,19.99,25.98,9/21/2026
Canned Legumes,Digitube,1.29,9.99,199.99,209.98,2/6/2025
Flavored Yogurt,Chatterbridge,1.89,39.99,2.49,42.48,2/21/2024
Dressings,Miboo,2.69,14.99,14.99,29.98,6/5/2024
Gardening Accessories,Voomm,22.99,199.99,5.99,205.98,3/15/2024
Marinades and Sauces,Yamia,6.99,59.99,15.99,75.98,10/31/2025
Portable Power Solutions,Ainyx,39.99,29.99,12.99,42.98,2/4/2024
Regional Seasoning Blends,Cogilith,2.49,299.99,39.99,339.98,5/30/2024
Household Supplies,Yombu,8.99,3.99,4.99,8.98,4/11/2025
Pasta & Couscous,Realcube,2.49,2.49,34.99,37.48,10/3/2024
Camping Equipment,Skyba,27.99,29.99,69.99,99.98,9/22/2024
Office Accessories,Wikizz,29.99,39.99,4.99,44.98,9/13/2024
Frozen Snacks,Buzzster,4.99,3.19,2.29,5.48,1/9/2025
Coffee Accessories,Livetube,24.99,6.99,24.99,31.98,2/4/2026
Herbs & Spices,Twimbo,1.49,19.99,29.99,49.98,9/1/2024
Garden Supplies,Quamba,34.99,22.99,49.99,72.98,1/1/2026
Kitchen Accessories,Brainsphere,34.99,14.99,2.99,17.98,3/17/2024
Gaming Accessories,Yodoo,39.99,14.99,39.99,54.98,4/19/2024
Baking Ingredients,Mydo,2.99,99.99,29.99,129.98,11/22/2026
Household Supplies,Eire,12.99,2.99,49.99,52.98,8/25/2026
Audio Recording Devices,Babbleset,49.99,7.99,19.99,27.98,10/30/2025
Personal Protective Equipment (PPE) & Disaster Preparedness,Realmix,19.99,34.99,5.49,40.48,4/18/2026
Marinades and Sauces,Eabox,3.49,12.99,3.69,16.68,9/4/2024
Cookware,Yadel,14.99,9.99,3.79,13.78,5/3/2024
Grooming Supplies,Feedfish,12.99,39.99,1.29,41.28,5/7/2024
Healthy Snacks,Quimba,3.49,2.29,3.99,6.28,1/15/2026
Healthy Snacks,Dablist,3.99,1.99,3.49,5.48,5/13/2026
Cameras & Photography,Photospace,299.99,29.99,4.99,34.98,2/18/2024
Nail Care,Skyvu,25,2.49,3.49,5.98,7/28/2024
Cooling Appliances,Skyndu,299.99,3.49,22.99,26.48,11/15/2024
Sauces & Condiments,Ozu,2.19,1.99,2.49,4.48,3/27/2024
Asian Desserts,Linktype,4.5,3.29,3.99,7.28,1/25/2024
Grooming Supplies,Rhyzio,19.99,4.29,4.99,9.28,7/15/2024
Home Organization,Jaxspan,34.99,3.49,1.99,5.48,12/14/2024
Air Quality & Purification,Zooxo,12.99,24.99,59.99,84.98,1/22/2024
Cottage Cheese,Twimbo,2.99,3.49,12.99,16.48,2/24/2024
Outdoor Play Toys,Twitterlist,19.99,3.79,59.99,63.78,6/29/2026
Educational Toys,Skinte,24.99,24.99,26.99,51.98,11/26/2025
Hiking Accessories,Plambee,29.99,129.99,2.99,132.98,8/21/2026
Dips and Spreads,Zoombox,4.29,2.29,29.99,32.28,10/19/2024
Camping Equipment,Brightdog,299.99,34.99,3.59,38.58,1/29/2026
Sleep & Relaxation,Jabbersphere,79.99,29.99,59.99,89.98,1/20/2026
Wellness & Relaxation,Realbridge,79.99,3.5,89.99,93.49,8/10/2026
Dips & Spreads,Camimbo,2.99,4.19,15.99,20.18,6/16/2024
Travel Accessories,Fadeo,22.99,29.99,3.99,33.98,7/21/2024
Dips & Spreads,Topdrive,3.29,49.99,24.99,74.98,6/25/2026
Noodles,Tagpad,0.99,9.99,89.99,99.98,7/7/2024
Pain Relief,BlogXS,24.99,39.99,7.99,47.98,4/8/2026
Healthy Snacks,Gevee,3.49,79.99,34.99,114.98,3/18/2024
Pet Health and Care,Babbleopia,29.99,39.99,19.99,59.98,1/30/2024
Fruit Spreads,Kwimbee,5.29,3.59,2.49,6.08,3/2/2025
Marinated Meats,Yakidoo,8.99,3.49,9.99,13.48,6/3/2024
Food Storage Solutions,Tagpad,18.99,19.99,149.99,169.98,11/10/2026
Automotive Accessories,Browsetype,12.99,3.49,4.99,8.48,5/6/2026
Vegetarian Meals,Photospace,7.49,199.99,5.49,205.48,1/6/2025
Healthy Snacks,Babblestorm,4.99,4.99,4.49,9.48,10/18/2026
Plant-Based Seasonings,Ooba,2.49,2.29,17.99,20.28,2/8/2026
Drinkware,Eayo,19.99,149.99,24.99,174.98,8/18/2026
Salsas,Twinte,4.49,49.99,49.99,99.98,2/9/2026
Cookware,BlogXS,179.99,4.99,4.79,9.78,8/2/2024
Outdoor Accessories,Oyoyo,19.99,19.99,2.99,22.98,8/29/2024
Dairy Alternatives,Mynte,5.99,1.69,39.99,41.68,7/14/2025
Healthy Snacks,Thoughtstorm,2.29,3.99,5.99,9.98,7/12/2026
Headphones & Earbuds,Fliptune,39.99,39.99,99.99,139.98,8/1/2025
Nuts and Trail Mix,Youspan,5.99,2.49,5.99,8.48,12/14/2024
Pickles,Jaxspan,2.29,22.99,24.99,47.98,9/25/2024
Small Appliances,Talane,149.99,29.99,12.99,42.98,11/10/2026
Nuts and Trail Mix,Thoughtblab,4.59,10.99,6.49,17.48,8/6/2026
Herbal Tea,Reallinks,3.49,129.99,4.49,134.48,11/8/2024
Cleaning Appliances,Eamia,79.99,39.99,10.99,50.98,6/29/2025
Food Storage Solutions,Tambee,19.99,2.79,4.29,7.08,4/20/2024
Marinated Meats,Photobug,7.99,45.99,4.29,50.28,5/27/2025
Spicy Sauces,Avamba,3.79,3.99,18.99,22.98,6/14/2026
Prepared Salads,Topiclounge,4.29,29.99,4.5,34.49,12/21/2025
Sculpting Supplies,Zoovu,25.99,10.99,2.99,13.98,3/8/2024
Grilling Accessories,Kaymbo,49.99,3.49,4.49,7.98,9/16/2026
Vegetable Snacks,Yakitri,2.49,59.99,29.99,89.98,10/9/2026
Granola/Cereal,Pixoboo,4.49,4.29,149.99,154.28,8/1/2024
Eco-Friendly Home Products,Vinder,12.99,169.99,34.99,204.98,7/2/2024
Pies and Tarts,Abatz,5.49,19.99,29.99,49.98,4/4/2025
Seasonal Items,Buzzbean,3.99,10.99,34.99,45.98,11/20/2025
Audio Accessories,Innotype,39.99,10.99,4.29,15.28,10/11/2026
Kitchen Gadgets,Livetube,19.99,22.99,19.99,42.98,2/4/2024
Decorative Wall Art & Accessories,Wordware,19.99,10.99,4.99,15.98,12/14/2025
Dairy Spreads,Topiczoom,3.49,3.39,19.99,23.38,10/12/2026
Baking Ingredients,Janyx,2.99,3.49,3.99,7.48,5/5/2026
Salsa/Dips,Twitterlist,2.29,19.99,3.49,23.48,6/16/2025
Casual Shirts,Wikivu,49.99,39.99,39.99,79.98,5/31/2025
Outdoor Accessories,Flipopia,149.99,1.99,19.99,21.98,12/27/2026
Cooking Appliances,Roodel,89.99,29.99,34.99,64.98,11/13/2024
Cookies,Ntags,4.29,129.99,35.99,165.98,5/7/2026
Condiments,Oba,2.59,149.99,89,238.99,8/10/2026
Frozen Smoothies,Jayo,5.49,3.49,29.99,33.48,10/24/2025
Small Appliances,Meeveo,18.99,4.99,69.99,74.98,4/22/2024
Recovery Tools,Yodoo,24.99,4.49,18.99,23.48,2/18/2026
Building Toys,Demimbu,24.99,7.49,2.99,10.48,5/2/2026
Training Supplies,Vipe,39.99,3.69,19.99,23.68,11/20/2025
Specialty Grains,Twimbo,3.59,44.99,39.99,84.98,4/2/2026
Nuts and Seeds,Devpulse,4.99,5.49,2.89,8.38,3/6/2026
Wellness & Relaxation,Voolith,59.99,39.99,199.99,239.98,11/7/2025
Travel Accessories,Vidoo,22.99,49.99,49.99,99.98,6/7/2024
Smart Lighting,Npath,19.99,14.99,2.99,17.98,12/2/2025
Breakfast Meats,Thoughtmix,6.49,34.99,1.79,36.78,12/6/2025
Musical Toys,Devcast,39.99,4.99,3.29,8.28,9/10/2026
Gardening Kits,Meembee,24.99,3.99,2.69,6.68,10/22/2025
Wine Accessories,Wikibox,24.99,1.99,4.99,6.98,10/4/2024
Fruit Dips,Wordtune,3.29,14.99,3.29,18.28,8/8/2024
Dairy Spreads,Miboo,3.49,34.99,19.99,54.98,2/19/2025
Racquet Sports Equipment,Demimbu,89.99,29.99,22.99,52.98,5/23/2025
Instant Meals,Zoomdog,1.29,5.99,24.99,30.98,5/3/2025
Kitchen Accessories,Skidoo,29.99,14.99,3.99,18.98,4/8/2024
Flours & Meals,Skipfire,5.99,17.99,49.99,67.98,1/27/2025
Handbags,Feedfish,89.99,19.99,19.99,39.98,8/8/2025
Productivity,Thoughtstorm,24.99,3.49,10.99,14.48,11/3/2024
Meat Snacks,Buzzster,5.49,34.99,3.99,38.98,7/10/2026
Pet Safety Gear,Kwilith,18.99,1.99,1.79,3.78,1/20/2025
Mobile Accessories,Kazio,19.99,8.49,34.99,43.48,6/13/2025
Savory Snacks,Linklinks,3.99,2.49,2.99,5.48,10/23/2025
Camping Equipment,Devpulse,109.99,2.49,15.99,18.48,9/22/2026
Herb Blends,Skaboo,2.29,2.99,39.99,42.98,2/12/2025
Training Supplies,Topicshots,5.99,1.99,2.79,4.78,4/30/2025
Outerwear,Youspan,64.99,4.89,3.79,8.68,8/9/2024
Food Preparation Tools,Thoughtworks,19.99,5.99,24.99,30.98,4/27/2025
Smart Home & Security,Voolith,19.99,49.99,1.5,51.49,11/28/2025
Vegetables,Brainlounge,3.99,24.99,3.49,28.48,9/16/2024
Specialty Pasta,Feedbug,4.99,39.99,59.99,99.98,11/14/2026
Camping Equipment,Twitterbeat,19.99,5.99,29.99,35.98,9/12/2025
Grooming Supplies,Browsezoom,9.99,54.99,3.29,58.28,7/29/2024
Bean Salads,Zoovu,3.29,8.99,2.59,11.58,4/13/2024
Baking Ingredients,Zooxo,1.99,39.99,29.99,69.98,1/25/2025
Home Security,Oyondu,89.99,29.99,39.99,69.98,5/6/2024
Frozen Pasta Dishes,Skidoo,5.99,3.79,4.49,8.28,1/9/2024
Breads,Quatz,2.99,6.49,3.5,9.99,11/13/2025
Dressing,Livetube,3.99,34.99,4.99,39.98,1/25/2024
Oral Care & Hygiene,Linkbuzz,49.99,49.99,19.99,69.98,6/9/2024
Lighting & Lamps,DabZ,39.99,2.49,299.99,302.48,5/6/2026
Nail Care,Photolist,34.99,2.19,3.99,6.18,10/30/2024
Frozen Asian Meals,Voolith,8.99,1.99,29.99,31.98,8/16/2024
Camping Equipment,Kanoodle,29.99,29.99,5.49,35.48,10/30/2025
Dressing,Mita,3.69,24.99,34.99,59.98,2/17/2025
Breads,Voomm,4.59,2.79,14.99,17.78,6/11/2025
Soups & Broths,Skaboo,3.49,4.29,5.99,10.28,11/22/2026
Flavored Yogurt,Bubbletube,3.49,109.99,9.99,119.98,6/23/2024
Regional Seasoning Blends,Podcat,2.79,6.49,89.99,96.48,8/26/2025
Golf,Yata,79.99,149.99,4.29,154.28,7/27/2024
Poultry,Dabtype,9.99,89.99,299.99,389.98,2/8/2025
Outdoor Accessories,Quinu,49.99,19.99,3.99,23.98,2/23/2024
Healthy Snacks,Photolist,4.19,6.99,39.99,46.98,2/18/2025
Frozen Grain Bowls,Vitz,5.99,3.99,4.49,8.48,3/12/2024
Athletic Footwear,Skiptube,69.99,39.99,59.99,99.98,9/7/2026
Nail Care,Riffpedia,34.99,5.99,34.99,40.98,12/7/2024
Decorative Wall Art & Accessories,Zoonder,22.99,5.99,2.99,8.98,2/26/2026
Artisan Bread,Oyoba,3.99,3.49,299.99,303.48,12/17/2026
Frozen Smoothies,Skivee,6.49,34.99,1.29,36.28,12/15/2025
Frozen Appetizers,Wikibox,4.49,22.99,199.99,222.98,4/27/2025
Motorcycle Accessories,Realfire,14.99,2.49,7.99,10.48,12/2/2026
Marinades and Sauces,Gabtype,3.49,19.99,59.99,79.98,7/16/2024
Food Storage Solutions,Yoveo,14.99,34.99,27.99,62.98,12/14/2025
Canned Fruits,BlogXS,3.49,10.99,15.99,26.98,8/29/2025
Fruits,Realblab,0.75,79.99,19.99,99.98,3/22/2026
Coats,Demizz,99.99,3.69,4.99,8.68,1/8/2026
Cooking Tools & Utensils,Thoughtstorm,14.99,2.49,4.99,7.48,4/23/2026
Outdoor Apparel,Kare,44.99,15.99,12.99,28.98,5/21/2024
Educational Toys,Avavee,19.99,2.99,5.99,8.98,1/5/2024
Dog Accessories,Zoozzy,24.99,10.99,1.99,12.98,4/20/2026
Sustainable Fashion,Zoonoodle,22.99,4.29,9.99,14.28,2/25/2025
Bags,Realpoint,34.99,2.89,3.99,6.88,5/31/2026
Baking Ingredients,Oodoo,1.99,4.29,8.49,12.78,5/27/2024
Frozen Fruits,Tavu,4.89,15.99,2.99,18.98,3/24/2026
Savory Snacks,Skippad,3.49,34.99,6.99,41.98,3/12/2024
Cutting Boards & Utensils,Ooba,22,6.99,4.49,11.48,11/23/2024
Candy,Jaxspan,2.29,3.99,79.99,83.98,10/20/2025
Tea,Avamm,14.99,3.59,5.99,9.58,9/30/2025
Massage Therapy,Eire,199.99,9.99,1.79,11.78,2/4/2025
Prepared Seafood,Wikizz,8.49,8.99,2.79,11.78,9/29/2024
Healthy Snacks,Quatz,3.79,59.99,149.99,209.98,1/2/2024
Savory Snacks,Linklinks,3.59,10.99,9.99,20.98,11/14/2026
Healthy Snacks,Gevee,3.29,169.99,29.99,199.98,6/24/2024
Dips and Spreads,Eimbee,3.29,4.99,6.49,11.48,5/30/2026
Dairy Desserts,Geba,2.29,25.99,49.99,75.98,3/13/2025
Yogurt,Yakitri,1.29,9.99,99.99,109.98,7/13/2026
Outdoor Furniture,Brainverse,59.99,59.99,2.49,62.48,10/18/2025
Creative Arts & Crafts,Youspan,24.99,39.99,23.99,63.98,12/20/2024
Meal Kits - Pasta,Camimbo,5.49,6.49,1.99,8.48,1/21/2024
Baking Ingredients,Talane,1.99,34.99,29.99,64.98,3/20/2025
Hydration Gear,Jabbertype,18.99,3.99,5.99,9.98,10/7/2024
Sweet Snacks,Linktype,3.5,14.99,49.99,64.98,7/11/2025
Poultry,Realfire,6.99,34.99,19.99,54.98,8/17/2024
Smartwatches,Twiyo,79.99,199.99,6.49,206.48,11/8/2026
Fruits,Browsecat,1.49,7.49,3.99,11.48,8/13/2025
Food Storage Solutions,Browsebug,19.99,15.99,24.99,40.98,1/11/2025
Barbecue & Grilled Meats,Photofeed,12.99,4.49,19.99,24.48,6/30/2025
Specialty Pasta,Livefish,3.99,3.79,69.99,73.78,10/21/2026
Frozen Entrees,Tekfly,4.29,2.49,29.99,32.48,12/7/2025
Granola and Muesli,Jabberbean,3.99,2.49,19.99,22.48,7/11/2025
Dips and Spreads,Voonte,4.29,2.99,12.99,15.98,10/11/2026
Frozen Snacks,Omba,6.49,5.99,3.99,9.98,1/8/2024
Vegetables,Browsebug,4.99,89.99,9.99,99.98,2/12/2026
Graphic Tees,Buzzbean,34.99,4.79,10.99,15.78,3/7/2026
Grooming Supplies,BlogXS,12.99,6.49,3.29,9.78,3/22/2025
Lighting & Lamps,Dynabox,29.99,79.99,29.99,109.98,5/5/2026
Phone Accessories,Edgeclub,14.99,39.99,249.99,289.98,2/4/2024
Ice Cube Trays,Dabshots,10.99,19.99,29.99,49.98,12/19/2025
Sweaters,Buzzbean,59.99,14.99,5.49,20.48,7/10/2026
Grooming Supplies,Kamba,9.99,5.49,49.99,55.48,8/31/2025
Storage Devices,Meejo,129.99,249.99,2.99,252.98,10/31/2025
Outdoor Accessories,Kanoodle,159.99,3.99,4.49,8.48,3/9/2026
Floor Care Appliances,Camimbo,45.99,34.99,79.99,114.98,7/4/2026
Cheese,Divape,4.99,5.49,19.99,25.48,4/5/2025
Garden Tools,Geba,19.99,59.99,6.49,66.48,1/24/2025
Savory Snacks,Mydo,3.49,59.99,19.99,79.98,2/17/2026
Marinades and Sauces,Kanoodle,2.49,3.99,2.29,6.28,9/23/2024
Educational Toys,Fiveclub,19.99,29.99,19.99,49.98,12/18/2026
Rice Dishes,Katz,2.99,19.99,6.99,26.98,2/10/2025
Barware,Riffwire,29.99,5.99,49.99,55.98,2/16/2026
Camping Equipment,Mynte,34.99,49.99,24.99,74.98,9/27/2024
Painting Kits,Zooveo,24.99,39.99,39.99,79.98,9/10/2024
Knitwear,Riffpedia,45.99,8.99,3.99,12.98,10/10/2024
Dessert Toppings,Tagpad,3.49,25,4.09,29.09,9/17/2024
Marinades and Sauces,Skimia,2.49,12.99,2.49,15.48,6/17/2026
Legumes,Edgeify,2.99,27.99,4.49,32.48,11/4/2026
Smart Lighting,Jamia,19.99,4.99,89,93.99,11/11/2025
Ready-to-Eat Meals,Jabbersphere,5.99,7.99,3.99,11.98,5/12/2026
Trousers,Ntags,44.99,4.49,4.29,8.78,12/6/2025
Wraps/Rolls,Dabvine,4.29,4.99,5.49,10.48,5/24/2025
Camping Equipment,Twitterlist,49.99,4.29,2.29,6.58,8/10/2024
Canned Fruits,Gabtype,3.49,3.99,3.19,7.18,5/28/2025
Small Appliances,Muxo,39,3.49,59.99,63.48,6/28/2025
Garden Decor,Linklinks,14.99,19.99,4.49,24.48,8/6/2024
Sustainable Fashion,Demimbu,22.99,12.99,8.99,21.98,10/28/2024
Savory Snacks,Flashset,2.49,29.99,3.99,33.98,10/22/2024
Dips,Aimbu,3.79,19.99,14.99,34.98,9/8/2026
Frozen Snacks,Dabfeed,4.99,22.99,2.99,25.98,9/21/2024
Yoga Equipment,Bluezoom,12.99,14.99,5.29,20.28,10/14/2026
Safety Equipment,Digitube,9.99,19.99,4.29,24.28,4/11/2024
Cookies & Biscuits,Yombu,2.79,3.99,8.99,12.98,12/30/2026
Headwear,Gabcube,24.99,19.99,129.99,149.98,4/6/2026
Gourmet Snacks,Ainyx,2.99,7.99,19.99,27.98,3/31/2024
Grooming Supplies,Jabbercube,12.99,5.49,2.69,8.18,7/4/2026
Food Storage Solutions,Edgetag,34.99,3.99,39.99,43.98,1/18/2026
Seating,Youopia,149.99,29.99,24.99,54.98,7/13/2024
Savory Snacks,Voonder,3.99,3.99,7.49,11.48,10/23/2024
Salad Mixes,Skyndu,3.99,1.99,1.29,3.28,5/27/2025
Yogurt,Ailane,4.49,19.99,2.29,22.28,4/22/2026
Herbal Tea,Yoveo,4.99,3.79,34.99,38.78,8/9/2024
Frozen Meals,Cogidoo,7.99,14.99,2.09,17.08,11/11/2026
Mustards,Riffwire,3.49,3.99,29.99,33.98,9/7/2025
Yoga Equipment,Dablist,34.99,3.79,29.99,33.78,8/8/2024
Rice,Thoughtsphere,5.79,7.49,12.99,20.48,12/15/2026
Healthy Snacks,Shufflebeat,5.29,9.99,29.99,39.98,12/24/2024
Natural Sauces,Quire,3.49,1.99,89.99,91.98,10/19/2024
Yoga Equipment,Demivee,34.99,49.99,3.49,53.48,11/10/2026
Vegetable Mixes,Oyope,3.29,19.99,4.29,24.28,5/12/2026
Hair Care Tools,Bubblemix,39.99,1.99,15.99,17.98,8/12/2024
Instruments,Izio,199.99,3.99,35,38.99,2/20/2026
Seasoning Blends,Dynava,2.09,34.99,39.99,74.98,6/29/2026
Home Organization,Centidel,12.99,5.49,79.99,85.48,12/3/2025
Soups & Broths,Yacero,1.99,199.99,89.99,289.98,4/24/2025
Nutrition & Fitness,Eamia,14.99,49.99,8.99,58.98,3/17/2024
Pasta,Gigazoom,3.49,39.99,89.99,129.98,7/23/2024
Decorative Wall Art & Accessories,Babblestorm,34.99,49.99,3.49,53.48,4/14/2026
Hearing Protection,Yabox,24.99,6.99,6.49,13.48,2/15/2026
Outdoor Accessories,Gabcube,49.99,1.29,15.99,17.28,3/5/2024
Camping Equipment,Dabshots,89.99,4.99,4.99,9.98,6/21/2025
Yoga Equipment,Layo,18.99,199.99,49.99,249.98,5/11/2025
Sauces & Condiments,Edgeblab,2.99,39.99,3.49,43.48,6/29/2026
Home Fragrance & Accessories,Edgewire,24.99,2.99,19.99,22.98,11/11/2026
Seasoning Blends,Browsebug,1.99,19.99,24.99,44.98,8/5/2025
Food Storage Solutions,Zoonoodle,19.99,99.99,3.99,103.98,5/2/2025
Input Devices,Feedbug,99.99,19.99,39.99,59.98,1/9/2025
Frozen Baked Goods,Twitternation,4.49,2.29,24.99,27.28,12/28/2026
Wallets,Plajo,34.99,4.89,2.29,7.18,2/6/2025
Decorative Wall Art & Accessories,Ntags,39.99,2.99,5.99,8.98,2/11/2024
Home Fragrance & Accessories,Centizu,34.99,4.49,2.49,6.98,5/21/2026
Wearable Technology,Pixoboo,49.99,0.79,12.99,13.78,7/26/2026
Blenders & Juicers,Youspan,99.99,1.99,4.49,6.48,10/29/2025
Cookware Accessories,Buzzster,15.99,4.19,2.99,7.18,6/18/2024
Seasonal Items,Jazzy,3.29,14.99,3.49,18.48,10/8/2024
Pasta Sauces,Cogilith,3.29,3.89,19.99,23.88,4/19/2025
Ready-to-Eat Salads,Oyoba,4.49,89.99,6.49,96.48,4/24/2024
Vegetarian Meals,Meeveo,5.49,10.99,25.99,36.98,7/13/2025
Garden Decor,Gabtype,14.99,5.99,2.79,8.78,5/20/2024
Vegetable Mixes,Kanoodle,3.99,24.99,5.99,30.98,2/14/2024
Fresh Mushrooms,Gigabox,2.99,24.99,7.99,32.98,1/7/2025
Kitchen Gadgets,Oozz,14.99,39.99,14.99,54.98,11/1/2024
Yogurt,Twitterwire,4.49,5.89,6.29,12.18,6/22/2025
Sports Apparel,Devcast,39.99,3.49,29.99,33.48,11/15/2026
Dairy Alternatives,Photolist,4.49,4.5,179.99,184.49,8/17/2025
Candy,Skipfire,3.29,27.99,2.49,30.48,9/21/2025
Wallets,Vipe,34.99,24.99,12.99,37.98,1/16/2025
Barware,Feedmix,29.99,14.99,8.99,23.98,11/23/2024
Frozen Veggie Snacks,Thoughtbridge,5.99,5.59,79.99,85.58,6/3/2026
Outdoor Accessories,Youfeed,24.99,10.99,4.99,15.98,10/26/2024
Blenders & Juicers,Dabshots,99.99,29.99,29.99,59.98,9/21/2025
Frozen Meals,Wikizz,9.99,5.99,159.99,165.98,8/27/2024
Accessories,Ntags,24.99,3.49,8.99,12.48,6/30/2025
Processed Meats,Vinte,8.49,2.69,24.99,27.68,1/11/2024
Nuts and Trail Mix,Youtags,5.99,3.49,3.49,6.98,6/8/2024
Hair Care Tools,Mynte,29.99,2.99,5.99,8.98,1/1/2025
Soups & Broths,Skilith,2.49,69.99,16.99,86.98,9/5/2024
Dried Spices,Zoonder,1.79,14.99,1.99,16.98,6/20/2026
Kitchen Accessories,Kimia,34.99,99.99,69.99,169.98,9/9/2026
Grain Salads,Realpoint,5.99,2.99,2.99,5.98,12/21/2026
Marinated Poultry,Zoombox,7.49,19.99,29.99,49.98,2/7/2024
Canned Legumes,Oyope,1.29,8.99,39.99,48.98,6/1/2025
Garden Tools,Livetube,24.99,54.99,6.99,61.98,1/29/2026
Household Supplies,Quire,12.99,4.49,34.99,39.48,8/3/2025
Nuts and Seeds,Gevee,2.79,6.99,129.99,136.98,1/24/2025
Nutrition & Fitness,Riffpath,14.99,14.99,3.29,18.28,8/24/2025
Sparkling Beverages,Yakidoo,1.99,25.99,99.99,125.98,1/18/2024
Seasoning Blends,Voonder,1.99,299.99,4.19,304.18,7/28/2025
Fruits,Thoughtworks,3.99,29.99,24.99,54.98,3/22/2026
Rain Footwear,Cogibox,69.99,2.29,29.99,32.28,8/1/2025
Drinkware,Rhyzio,39.99,24.99,4.19,29.18,1/15/2024
Hydration Gear,Oyope,12.99,44.99,25.99,70.98,11/3/2026
Mixes,Twimbo,4.99,24.99,2.89,27.88,6/14/2024
Frozen Meals,Youfeed,7.99,8.99,2.49,11.48,6/12/2025
Floor Care Appliances,Devshare,45.99,249.99,2.49,252.48,6/27/2026
Cheese,Yodo,4.49,5.99,2.99,8.98,5/9/2024
Frozen Vegetables,Gabspot,5.99,2.99,29.99,32.98,10/18/2024
Miniature Sports Games,Avaveo,39.99,4.59,8.99,13.58,9/11/2025
Cardio Equipment,Rhyzio,15.99,29.99,3.29,33.28,3/27/2024
Instant Breakfast,Oyondu,2.49,79.99,2.49,82.48,9/27/2024
Power Accessories,Kwimbee,24.99,6.99,35,41.99,8/18/2025
Frozen Pizza Crusts,Yadel,7.99,129.99,1.99,131.98,9/14/2025
Outdoor Furniture,Zoomcast,49.99,6.99,5.99,12.98,4/8/2025
Savory Snacks,Skibox,3.99,22.99,4.99,27.98,12/5/2026
Herbal Tea,Divanoodle,3.29,6.99,2.79,9.78,5/21/2024
Herbs and Spices,Vitz,2.99,4.49,5.99,10.48,10/3/2026
Condiments,Eazzy,2.39,2.49,24.99,27.48,8/21/2026
Spice Blends,Kanoodle,2.99,69.99,12.99,82.98,6/9/2026
Sauces,Thoughtstorm,3.99,2.99,14.99,17.98,11/1/2025
Yoga Equipment,Centidel,12.99,3.49,14.99,18.48,7/29/2026
Dried Fruits,Realcube,4.49,4.49,22.99,27.48,4/7/2024
Fruits & Vegetables,Mymm,0.99,3.29,2.99,6.28,5/6/2026
Chili,Photobug,2.99,39.99,24.99,64.98,2/3/2024
Casseroles,Dynazzy,8.99,3.99,29.99,33.98,12/7/2024
Office Furniture,Yabox,199.99,34.99,59.99,94.98,11/19/2026
Pre-Packaged Produce Kits,Jaxspan,6.99,89.99,34.99,124.98,1/7/2024
Vegetable-Based Sauces,Flashset,3.29,2.49,5.99,8.48,11/16/2025
Home Decor,Blogspan,59.99,39.99,49.99,89.98,5/13/2024
Seasonal Home Decor,Dabvine,34.99,1.99,7.49,9.48,4/7/2025
Automotive Accessories,Linklinks,19.99,2.79,24.99,27.78,7/4/2024
Casual Dresses,Brainsphere,49.99,2.99,3.99,6.98,12/18/2026
Asian Sauces,Tagopia,2.79,19.99,2.99,22.98,8/5/2026
Sweet Snacks,Podcat,3.5,8.49,49.99,58.48,5/16/2025
Beverages,Jamia,29.99,3.29,1.79,5.08,5/14/2026
Sauces,Midel,3.49,15.99,19.99,35.98,11/8/2024
Home Organization,Jaxworks,39.99,69.99,3.79,73.78,9/19/2025
Fruit Dips,Linkbuzz,3.29,0.99,79.99,80.98,4/2/2026
Pet Accessories,Feedfire,18.99,22.99,14.99,37.98,1/1/2025
Running Shorts,Livepath,34.99,29.99,24.99,54.98,8/21/2024
Italian Sauces,Gigashots,4.29,3.89,4.99,8.88,11/4/2025
Home Fragrance & Accessories,Skyble,19.99,22.99,1.99,24.98,6/4/2026
Garlic-Based Sauces,Zoonder,4.29,49.99,89.99,139.98,9/10/2024
Small Appliances,Feedspan,89.99,3.29,2.29,5.58,9/2/2026
Fruits,Zoonoodle,1.89,5.49,29.99,35.48,1/13/2026
Garden Supplies,Devpulse,34.99,2.49,4.49,6.98,1/31/2026
Cheese,Eidel,5.49,10.99,3.49,14.48,3/8/2025
Juice,Zoovu,4.49,199.99,299.99,499.98,10/31/2026
Outdoor Footwear,Shuffledrive,89.99,3.49,19.99,23.48,3/17/2025
Small Appliances,Browsezoom,39.99,199.99,24.99,224.98,5/1/2025
Cooling Appliances,Feedbug,299.99,19.99,3.49,23.48,10/23/2026
Vegetarian Salads,Browsezoom,4.99,99.99,29.99,129.98,5/31/2024
Flavored Quinoa,Twimm,3.49,6.49,69.99,76.48,9/26/2024
Coffee,Dynava,7.99,4.99,2.29,7.28,9/2/2025
Boots,Jazzy,99.99,1.79,3.39,5.18,5/27/2026
Eco-Friendly Accessories,Voolith,23.99,4.99,2.49,7.48,6/27/2024
Savory Snacks,Quinu,3.29,79.99,129.99,209.98,9/19/2026
Cheese,Riffpedia,5.49,3.99,199.99,203.98,2/26/2024
Chocolate Bars,Tavu,1.29,4.29,5.49,9.78,1/1/2026
Canned Vegetables,Zoombeat,1.49,5.49,2.49,7.98,3/29/2026
Cheese,Yambee,5.49,4.99,4.19,9.18,1/6/2026
Lighting Equipment,Oozz,29.99,2.49,19.99,22.48,2/14/2025
Outdoor Cleaning,Realcube,39.99,2.99,5.49,8.48,7/13/2026
Plant-Based Yogurt,Eadel,3.89,59.99,99.99,159.98,7/27/2026
Home Automation Accessories,Meetz,19.99,22.99,2.49,25.48,8/7/2025
Poultry,Flipbug,9.99,4.29,6.99,11.28,1/18/2025
Hydration Gear,Skippad,39.99,3.49,19.99,23.48,7/18/2026
Breakfast Cereals,Skajo,2.49,9.99,2.99,12.98,12/17/2024
Office Supplies,Nlounge,29.99,39.99,19.99,59.98,10/7/2026
Sauces,Mita,4.79,2.49,4.29,6.78,9/22/2026
Italian Sauces,Photobug,4.29,24.99,2.59,27.58,4/4/2026
Frozen Meals,Vitz,4.99,39.99,3.99,43.98,9/17/2024
Salsas & Dips,Yacero,4.29,69.99,12.99,82.98,6/10/2026
Skincare,Twitterlist,39.99,15.99,4.99,20.98,8/25/2024
Granola/Cereal,Vidoo,4.99,4.99,29.99,34.98,9/23/2026
Hydration Gear,Kaymbo,25.99,2.29,2.29,4.58,9/22/2026
Travel Accessories,Yodoo,14.99,3.29,34.99,38.28,12/11/2024
Plant-Based Meals,Jaxbean,6.49,19.99,5.79,25.78,9/25/2024
Casual Dresses,Flipopia,39.99,3.99,199.99,203.98,5/2/2024
Mobile Accessories,Photobug,9.99,4.79,299.99,304.78,5/6/2026
Outdoor Accessories,Plajo,59.99,24.99,1.49,26.48,11/28/2024
Dressing,Reallinks,3.49,3.99,29.99,33.98,5/17/2026
Dairy Alternatives,Jaloo,3.49,49.99,49.95,99.94,10/1/2025
Home Organization,Zoomzone,34.99,24.99,4.99,29.98,5/8/2026
Home Organization,Yakidoo,12.99,3.49,4.99,8.48,11/22/2025
Coffee Equipment,Blogspan,34.99,54.99,3.99,58.98,6/26/2026
Grooming Supplies,Aimbo,9.99,5.49,59.99,65.48,7/11/2026
Cooking Appliances,Meejo,89,5.49,1.5,6.99,3/2/2025
Computer Accessories,Voolith,199.99,3.99,5.79,9.78,4/23/2024
Vegetables,Eidel,1.99,19.99,3.79,23.78,3/7/2026
Cooking Tools & Utensils,Youspan,29.99,24.99,2.49,27.48,11/26/2026
Wall Art,Linklinks,34.99,3.99,7.99,11.98,11/22/2024
Plant-Based Sauces,LiveZ,4.99,59.99,24.99,84.98,4/11/2025
Lighting & Lamps,Realcube,19.99,2.99,29.99,32.98,10/19/2024
Boots,Flipstorm,89.99,14.99,4.99,19.98,4/22/2024
Pies and Tarts,Brainsphere,5.49,45,6.49,51.49,10/5/2025
Blenders & Juicers,Yakitri,99.99,8.99,89.99,98.98,8/19/2025
Herb Blends,Oloo,2.29,19.99,1.49,21.48,9/21/2025
Vegetable Snacks,Thoughtstorm,3.49,5.49,2.99,8.48,2/9/2025
Baking Ingredients,Kazio,1.49,49.99,4.49,54.48,12/23/2024
Nuts,Brainsphere,10.99,79.99,4.99,84.98,3/7/2026
Guacamole,Twiyo,2.49,79.99,4.99,84.98,6/21/2024
Frozen Vegetables,Jaxbean,3.99,8.99,39.99,48.98,5/14/2026
Home Entertainment Equipment,Zazio,49.99,15.99,3.49,19.48,4/20/2026
Home Organization,Blognation,69.99,24.99,19.99,44.98,2/15/2024
Herbal Butters,Tazzy,3.99,69.99,5.49,75.48,9/21/2024
Tortilla Chips,Roomm,3.49,4.49,99.99,104.48,10/9/2026
Home Organization,Layo,9.99,39.99,3.99,43.98,4/3/2025
Painting Supplies,Photobean,19.99,3.29,9.99,13.28,6/22/2025
DIY Crafts,Cogilith,22.99,3.49,24.99,28.48,9/25/2026
Fruit Sauces,Avamm,3.99,5.99,2.29,8.28,10/5/2026
Jewelry Storage,Blogtag,24.99,3.49,49.99,53.48,4/30/2025
Jigsaw Puzzles,Thoughtstorm,27.99,8.49,3.59,12.08,11/15/2026
